item_id,category,attribute_id,related_item_id
1,code,2,537
1,code,2,591
1,code,5,713
1,code,5,10
1,code,34,90
1,code,34,698
1,code,34,721
2,code,34,537
2,code,34,239
3,code,12,14
3,code,12,260
3,code,12,412
3,code,5,335
3,code,5,225
3,code,5,191
4,code,14,715
4,code,14,190
5,code,11,6
5,code,11,487
5,code,11,582
6,code,33,730
6,code,33,767
6,code,33,375
6,code,39,527
6,code,39,800
6,code,45,257
6,code,45,171
7,code,35,21
7,code,35,107
7,code,35,253
8,code,26,757
8,code,26,87
9,code,42,190
9,code,37,592
9,code,37,134
9,code,37,215
10,code,42,148
10,code,42,143
10,code,42,347
10,code,36,367
10,code,36,272
10,code,36,627
11,code,14,753
11,code,14,691
11,code,14,597
12,code,19,380
13,code,19,675
13,code,22,762
13,code,22,730
13,code,22,162
13,code,34,430
13,code,34,335
14,code,37,629
14,code,37,63
15,code,5,90
15,code,5,241
16,code,47,508
16,code,26,796
16,code,19,721
17,code,38,334
18,code,26,415
18,code,26,477
18,code,11,20
19,code,8,754
20,code,4,755
20,code,4,681
20,code,4,552
20,code,3,791
21,code,22,250
21,code,22,678
22,code,7,521
22,code,7,264
22,code,49,780
22,code,49,620
22,code,49,37
23,code,5,188
23,code,32,798
23,code,32,488
24,code,13,720
24,code,46,182
24,code,46,166
24,code,46,691
24,code,36,522
25,code,41,212
25,code,41,756
25,code,41,745
26,code,18,246
26,code,32,422
26,code,32,389
26,code,32,663
26,code,37,537
26,code,37,159
27,code,20,267
27,code,20,752
27,code,38,410
27,code,38,663
27,code,21,236
28,code,29,140
28,code,5,14
28,code,5,555
28,code,35,373
29,code,28,656
29,code,39,386
29,code,39,743
29,code,39,33
29,code,25,337
29,code,25,114
30,code,38,740
30,code,49,66
30,code,49,416
30,code,49,785
30,code,43,40
30,code,43,626
30,code,43,279
31,code,39,644
31,code,39,641
31,code,29,790
31,code,34,49
31,code,34,798
31,code,34,535
32,code,19,704
32,code,19,428
33,code,50,128
33,code,50,171
34,code,34,638
34,code,34,334
34,code,34,185
34,code,10,387
34,code,10,738
34,code,10,587
34,code,7,314
34,code,7,12
34,code,7,619
35,code,22,75
35,code,22,644
35,code,22,536
35,code,34,391
35,code,30,800
35,code,30,135
35,code,30,762
36,code,16,67
36,code,36,698
36,code,42,51
37,code,11,350
37,code,11,552
37,code,11,3
37,code,36,750
37,code,36,215
37,code,36,591
37,code,2,436
38,code,50,209
38,code,50,125
38,code,29,792
38,code,29,240
38,code,1,369
38,code,1,632
39,code,47,448
39,code,47,560
39,code,2,796
39,code,2,285
39,code,45,510
39,code,45,130
39,code,45,725
40,code,17,581
40,code,17,355
40,code,17,414
40,code,7,273
40,code,7,481
40,code,35,418
41,code,9,80
41,code,9,127
41,code,43,144
41,code,43,745
41,code,43,659
42,code,3,620
42,code,3,488
42,code,9,744
42,code,31,206
42,code,31,510
42,code,31,126
43,code,40,638
43,code,40,597
43,code,28,110
43,code,28,135
43,code,28,117
44,code,35,709
44,code,35,103
45,code,29,428
45,code,44,436
45,code,44,133
45,code,44,120
45,code,10,500
45,code,10,598
45,code,10,469
46,code,13,497
46,code,13,171
46,code,13,416
46,code,35,786
47,code,17,534
47,code,17,621
47,code,49,722
47,code,42,672
47,code,42,715
47,code,42,497
48,code,39,180
48,code,39,430
48,code,39,252
48,code,19,790
48,code,19,377
48,code,19,320
48,code,24,652
48,code,24,44
49,code,34,644
49,code,34,8
50,code,21,310
51,code,43,586
51,code,45,514
51,code,40,213
51,code,40,435
51,code,40,98
52,code,19,234
52,code,19,587
52,code,19,394
53,code,11,659
53,code,11,431
53,code,49,736
53,code,49,504
53,code,49,738
54,code,47,755
54,code,47,314
54,code,47,737
55,code,6,430
55,code,6,511
55,code,6,530
55,code,5,654
55,code,5,541
55,code,5,186
55,code,33,753
55,code,33,397
56,code,21,88
56,code,21,676
56,code,21,27
56,code,35,122
56,code,10,276
56,code,10,199
56,code,10,54
57,code,9,471
57,code,9,775
57,code,49,36
57,code,49,558
57,code,49,326
57,code,2,756
57,code,2,584
58,code,50,545
58,code,50,559
58,code,50,262
59,code,40,280
59,code,43,165
59,code,32,383
59,code,32,799
60,code,20,654
60,code,20,144
60,code,20,181
60,code,36,393
61,code,45,401
61,code,45,275
62,code,44,698
62,code,42,637
62,code,42,458
62,code,42,410
62,code,32,621
62,code,32,642
62,code,32,557
63,code,38,590
63,code,38,153
63,code,38,614
63,code,14,698
64,code,38,677
64,code,38,296
64,code,38,583
64,code,7,129
64,code,7,72
64,code,7,699
65,code,15,422
65,code,3,665
65,code,3,422
65,code,3,139
66,code,11,185
66,code,11,323
66,code,11,688
67,code,50,521
67,code,50,532
67,code,36,720
67,code,36,731
67,code,36,724
68,code,43,454
68,code,43,192
69,code,33,658
69,code,33,17
70,code,28,430
70,code,28,483
71,code,2,632
71,code,47,697
72,code,1,781
72,code,1,135
72,code,1,376
72,code,19,690
72,code,19,627
73,code,33,481
73,code,33,55
73,code,33,707
74,code,40,675
74,code,40,483
74,code,40,553
74,code,11,454
74,code,11,199
74,code,32,587
74,code,32,142
74,code,32,333
75,code,26,657
75,code,26,735
75,code,26,66
75,code,34,726
75,code,34,696
75,code,34,330
76,code,46,204
76,code,46,430
76,code,46,302
76,code,18,180
76,code,18,708
76,code,18,417
76,code,41,92
76,code,41,354
76,code,41,256
77,code,27,219
77,code,15,453
77,code,15,709
78,code,27,519
78,code,27,145
78,code,27,109
78,code,29,622
78,code,29,337
79,code,42,82
79,code,42,786
79,code,42,343
79,code,12,147
79,code,12,29
79,code,12,52
79,code,8,275
79,code,8,233
79,code,8,569
80,code,24,455
80,code,4,358
80,code,4,5
81,code,45,339
81,code,8,648
82,code,1,302
82,code,1,407
83,code,21,300
83,code,21,598
83,code,41,160
83,code,4,22
83,code,4,55
83,code,4,634
84,code,33,540
85,code,32,695
86,code,28,630
86,code,28,149
86,code,28,523
86,code,50,322
87,code,32,14
87,code,32,362
87,code,15,221
87,code,15,312
88,code,1,723
88,code,14,83
88,code,14,654
89,code,33,490
89,code,33,794
90,code,38,568
90,code,10,403
90,code,10,432
91,code,9,592
91,code,9,106
91,code,39,121
91,code,39,369
91,code,39,78
91,code,26,425
91,code,26,125
92,code,39,639
92,code,39,523
93,code,10,284
93,code,10,735
93,code,1,556
93,code,1,788
93,code,1,34
94,code,8,265
94,code,8,246
94,code,8,94
95,code,11,590
95,code,11,58
95,code,11,282
96,code,47,510
96,code,47,173
96,code,34,324
96,code,34,263
96,code,34,218
96,code,4,478
97,code,11,319
97,code,11,9
97,code,11,241
98,code,43,770
98,code,43,731
98,code,43,66
98,code,20,5
98,code,20,795
98,code,20,88
99,code,18,310
99,code,18,540
100,code,4,182
100,code,4,318
100,code,4,505
100,code,12,24
100,code,22,350
101,code,24,696
101,code,24,155
101,code,18,665
101,code,18,386
101,code,18,445
101,code,32,71
101,code,32,40
101,code,32,359
102,code,41,12
102,code,41,403
103,code,5,77
103,code,5,751
103,code,45,72
103,code,45,641
103,code,45,35
104,code,19,660
104,code,19,177
104,code,3,215
104,code,41,150
105,code,23,319
105,code,29,30
105,code,13,105
105,code,13,535
105,code,13,669
106,code,26,304
106,code,26,68
106,code,26,351
106,code,43,653
106,code,43,383
106,code,27,646
107,code,36,699
107,code,8,587
107,code,8,266
107,code,8,743
108,code,8,549
108,code,8,101
108,code,8,31
108,code,47,667
108,code,47,64
108,code,47,571
109,code,13,148
109,code,13,471
109,code,13,192
109,code,36,234
109,code,36,266
109,code,1,488
109,code,1,740
109,code,1,425
110,code,23,129
110,code,28,263
111,code,5,433
111,code,45,227
112,code,8,182
112,code,8,379
112,code,1,553
112,code,1,175
112,code,1,571
113,code,4,290
113,code,4,434
113,code,33,374
113,code,32,533
113,code,32,225
114,code,42,525
114,code,42,256
114,code,42,596
115,code,39,709
115,code,39,706
115,code,25,647
115,code,25,223
115,code,25,637
116,code,45,659
116,code,45,279
116,code,45,317
117,code,25,290
118,code,16,413
119,code,50,599
119,code,8,641
119,code,8,625
119,code,40,138
120,code,29,224
120,code,29,16
120,code,29,729
120,code,3,175
120,code,14,425
120,code,14,608
121,code,29,226
121,code,29,189
121,code,29,264
122,code,31,78
122,code,31,442
123,code,29,165
123,code,13,754
123,code,13,581
123,code,13,405
124,code,41,705
124,code,41,325
124,code,41,180
124,code,23,548
124,code,23,386
124,code,30,799
124,code,30,748
124,code,30,427
125,code,22,467
125,code,22,33
125,code,22,280
125,code,18,391
125,code,18,499
126,code,9,721
126,code,9,671
127,code,19,503
127,code,4,49
127,code,4,174
127,code,7,409
127,code,7,150
127,code,7,732
128,code,19,465
128,code,19,367
128,code,26,627
128,code,39,264
129,code,30,523
129,code,30,364
129,code,30,721
129,code,41,768
130,code,30,24
130,code,30,288
130,code,30,237
131,code,17,67
131,code,17,694
131,code,17,324
132,code,47,430
132,code,47,509
132,code,47,653
132,code,26,127
132,code,26,250
133,code,34,276
133,code,34,63
133,code,25,616
133,code,25,435
133,code,12,500
133,code,12,404
133,code,12,38
134,code,13,236
134,code,13,122
135,code,37,171
135,code,37,2
135,code,37,301
135,code,5,321
135,code,5,251
135,code,29,792
135,code,29,141
136,code,24,262
136,code,24,101
136,code,24,409
137,code,42,137
137,code,42,237
137,code,43,311
138,code,15,575
138,code,15,328
138,code,19,252
139,code,4,258
139,code,4,420
140,code,7,444
140,code,39,66
141,code,49,573
141,code,49,229
141,code,2,503
141,code,2,26
141,code,2,415
142,code,28,468
142,code,28,697
143,code,44,90
143,code,19,198
143,code,19,719
143,code,19,638
144,code,23,312
144,code,23,583
144,code,23,306
144,code,25,281
145,code,36,494
145,code,36,358
145,code,25,202
146,code,26,14
147,code,15,291
147,code,1,549
147,code,1,773
147,code,13,130
147,code,13,613
147,code,13,543
148,code,49,670
149,code,50,538
149,code,50,192
149,code,50,496
149,code,8,598
150,code,48,317
151,code,14,599
151,code,3,129
151,code,3,99
152,code,36,489
152,code,36,535
152,code,50,506
152,code,50,570
152,code,50,792
152,code,39,463
152,code,39,494
153,code,2,669
153,code,2,129
154,code,10,546
154,code,10,288
154,code,10,394
154,code,5,720
154,code,5,513
154,code,5,777
154,code,45,126
155,code,16,482
155,code,16,214
155,code,16,728
155,code,25,354
155,code,25,588
155,code,11,123
156,code,9,650
156,code,9,466
156,code,9,468
156,code,3,18
156,code,16,481
157,code,39,645
157,code,39,322
157,code,29,161
157,code,29,401
157,code,29,715
158,code,48,754
158,code,48,353
158,code,48,9
158,code,50,143
158,code,50,566
158,code,50,782
158,code,18,703
159,code,4,483
159,code,4,475
159,code,4,395
159,code,37,198
159,code,37,45
159,code,37,486
160,code,41,531
160,code,41,602
160,code,41,84
161,code,13,637
161,code,13,428
161,code,11,510
162,code,49,81
162,code,49,248
163,code,48,744
163,code,48,9
163,code,44,183
164,code,10,421
164,code,10,142
164,code,34,685
164,code,3,628
164,code,3,730
164,code,3,194
165,code,45,736
165,code,45,783
166,code,44,129
166,code,26,718
166,code,26,151
166,code,26,145
166,code,49,464
166,code,49,496
167,code,8,518
168,code,11,279
168,code,11,781
169,code,13,82
169,code,11,154
169,code,11,335
169,code,11,425
169,code,37,349
170,code,49,508
171,code,27,531
171,code,27,527
172,code,39,764
172,code,39,151
172,code,39,638
172,code,23,422
173,code,3,153
173,code,3,283
173,code,3,437
174,code,35,786
174,code,35,475
174,code,35,687
174,code,31,161
174,code,31,362
174,code,46,654
174,code,46,649
174,code,46,323
175,code,20,792
175,code,20,191
175,code,20,509
176,code,2,198
176,code,2,17
176,code,2,703
176,code,34,45
176,code,32,193
177,code,8,312
177,code,8,499
178,code,15,370
178,code,15,135
178,code,37,754
178,code,37,684
178,code,16,19
178,code,16,421
179,code,25,331
179,code,25,554
180,code,42,381
180,code,42,658
180,code,42,329
181,code,43,38
181,code,43,386
181,code,11,384
181,code,11,249
181,code,11,521
181,code,49,463
181,code,49,637
182,code,29,336
182,code,29,142
182,code,29,581
182,code,44,760
182,code,44,328
182,code,8,334
182,code,8,192
183,code,19,186
183,code,19,616
184,code,44,752
185,code,12,333
185,code,2,173
185,code,2,573
185,code,2,674
185,code,38,739
185,code,38,678
186,code,29,481
186,code,29,624
186,code,29,307
186,code,10,402
186,code,10,51
186,code,10,760
187,code,35,263
187,code,35,578
187,code,35,221
187,code,14,684
187,code,14,14
187,code,14,755
187,code,17,537
187,code,17,756
188,code,33,654
188,code,39,222
188,code,39,694
188,code,39,250
188,code,28,648
188,code,28,770
189,code,26,168
189,code,33,729
190,code,35,629
190,code,25,355
191,code,9,766
191,code,9,734
191,code,9,502
191,code,3,329
191,code,3,60
191,code,50,592
191,code,50,338
191,code,50,349
192,code,26,610
192,code,10,70
192,code,10,483
193,code,31,474
193,code,31,41
193,code,31,472
193,code,12,731
193,code,12,20
194,code,8,449
194,code,8,453
194,code,8,587
194,code,38,41
194,code,38,518
194,code,11,752
195,code,45,122
195,code,12,601
195,code,12,228
195,code,12,672
195,code,8,120
195,code,8,528
195,code,8,237
196,code,39,671
196,code,39,216
196,code,39,152
197,code,6,392
197,code,6,30
197,code,6,763
197,code,35,147
197,code,35,608
198,code,9,129
198,code,9,46
198,code,9,264
199,code,11,615
199,code,13,483
199,code,40,129
199,code,40,407
199,code,40,84
200,code,2,654
200,code,49,457
200,code,49,301
200,code,49,197
200,code,44,32
200,code,44,674
201,image,40,126
201,image,40,111
201,image,49,219
202,image,24,185
202,image,24,109
203,image,3,526
203,image,3,41
203,image,3,745
204,image,36,524
204,image,11,751
204,image,11,239
205,image,33,107
205,image,33,4
205,image,33,165
205,image,27,120
205,image,27,547
206,image,11,170
206,image,11,656
206,image,5,440
206,image,8,357
206,image,8,190
206,image,8,211
207,image,46,751
207,image,46,356
207,image,46,197
208,image,29,146
208,image,29,745
208,image,29,656
208,image,10,419
208,image,10,94
208,image,10,53
209,image,2,109
209,image,2,748
209,image,36,302
209,image,36,351
210,image,19,513
211,image,43,41
211,image,43,496
211,image,47,652
211,image,47,429
211,image,47,611
211,image,20,438
211,image,20,238
212,image,28,482
212,image,7,532
212,image,14,757
213,image,15,448
213,image,15,441
213,image,36,110
213,image,36,780
213,image,36,596
213,image,18,364
213,image,18,670
213,image,18,228
214,image,42,490
214,image,42,377
215,image,38,644
215,image,5,575
215,image,5,350
215,image,30,335
215,image,30,289
216,image,14,412
217,image,28,756
217,image,28,472
217,image,6,440
218,image,4,202
219,image,39,137
219,image,39,68
219,image,22,550
219,image,22,188
219,image,22,562
220,image,43,498
221,image,20,434
221,image,30,111
221,image,33,780
221,image,33,435
221,image,33,648
222,image,1,35
223,image,19,142
223,image,19,140
223,image,9,705
223,image,9,366
223,image,7,461
223,image,7,294
224,image,14,794
224,image,14,279
224,image,14,756
224,image,4,257
224,image,4,210
224,image,4,133
224,image,26,132
225,image,45,397
225,image,45,520
225,image,35,707
226,image,8,2
226,image,22,210
226,image,22,172
226,image,7,487
226,image,7,695
226,image,7,563
227,image,23,559
227,image,50,232
227,image,7,76
227,image,7,122
228,image,11,60
228,image,11,723
228,image,16,110
228,image,40,711
228,image,40,594
229,image,35,471
229,image,35,240
229,image,38,248
229,image,38,615
229,image,33,151
229,image,33,577
230,image,13,547
230,image,13,391
230,image,13,540
231,image,16,564
231,image,12,62
232,image,11,499
232,image,11,203
233,image,29,530
233,image,29,694
233,image,48,278
233,image,48,55
233,image,48,246
233,image,20,519
233,image,20,578
233,image,20,100
234,image,26,791
234,image,26,706
234,image,26,225
235,image,24,589
235,image,13,796
235,image,13,146
236,image,21,267
236,image,21,162
236,image,21,716
236,image,42,203
237,image,26,239
237,image,25,499
237,image,25,139
238,image,9,46
238,image,9,566
238,image,50,455
238,image,22,147
238,image,22,176
238,image,22,507
239,image,5,208
239,image,5,295
240,image,35,551
240,image,35,372
240,image,7,412
240,image,7,719
240,image,7,118
240,image,17,340
240,image,17,325
240,image,17,569
241,image,50,510
241,image,50,745
242,image,5,78
242,image,24,112
242,image,24,294
242,image,6,779
243,image,6,370
243,image,6,150
243,image,6,565
244,image,6,580
244,image,6,637
244,image,32,99
244,image,32,641
244,image,32,449
245,image,17,294
246,image,48,515
246,image,48,568
246,image,48,548
246,image,33,718
246,image,33,471
246,image,47,335
246,image,47,173
247,image,26,437
247,image,26,570
247,image,38,730
247,image,38,87
247,image,38,580
248,image,15,790
248,image,15,309
248,image,15,511
248,image,14,653
248,image,14,48
249,image,28,621
249,image,28,684
249,image,35,235
249,image,35,245
249,image,43,18
249,image,43,621
249,image,43,220
250,image,24,300
250,image,24,193
250,image,38,214
250,image,38,306
251,image,10,642
251,image,44,584
251,image,44,458
252,image,46,285
252,image,46,302
252,image,34,763
252,image,34,584
252,image,11,259
252,image,11,95
252,image,11,772
253,image,22,209
253,image,22,491
253,image,22,667
254,image,37,776
255,image,7,671
255,image,7,523
255,image,7,800
256,image,13,22
256,image,13,744
256,image,41,53
256,image,41,262
256,image,16,177
257,image,14,382
257,image,14,417
257,image,15,769
258,image,34,610
258,image,34,574
258,image,34,530
258,image,8,148
258,image,8,422
258,image,8,60
259,image,35,500
259,image,35,408
260,image,8,377
260,image,8,704
260,image,29,605
260,image,29,403
260,image,29,788
261,image,28,479
261,image,28,322
262,image,25,444
262,image,25,705
262,image,25,42
263,image,43,12
263,image,43,369
263,image,39,46
263,image,39,472
263,image,39,695
264,image,14,67
264,image,14,351
264,image,14,383
265,image,1,775
265,image,1,152
266,image,26,725
266,image,39,356
266,image,39,600
266,image,39,732
267,image,37,578
267,image,37,391
267,image,37,501
268,image,6,335
268,image,6,209
268,image,6,493
268,image,47,709
268,image,47,572
268,image,47,8
269,image,36,380
269,image,36,196
269,image,42,552
269,image,42,8
269,image,42,110
270,image,46,664
270,image,46,150
270,image,15,464
270,image,15,558
270,image,15,214
271,image,20,18
271,image,44,547
271,image,33,128
272,image,34,736
272,image,34,794
272,image,34,585
272,image,37,71
272,image,37,299
272,image,37,569
273,image,39,100
273,image,6,558
274,image,43,302
274,image,43,656
274,image,18,64
274,image,18,272
274,image,18,478
275,image,37,755
276,image,33,227
277,image,1,385
277,image,1,660
278,image,36,668
278,image,36,306
278,image,37,783
278,image,37,417
278,image,37,649
279,image,6,71
279,image,6,526
279,image,6,266
279,image,50,693
279,image,50,173
279,image,39,601
280,image,10,760
280,image,10,39
281,image,19,67
281,image,19,353
281,image,19,749
281,image,15,513
281,image,15,38
282,image,11,196
282,image,11,518
282,image,8,318
282,image,8,175
282,image,8,622
283,image,6,3
283,image,28,134
283,image,45,93
283,image,45,724
284,image,13,334
284,image,25,579
284,image,25,277
284,image,20,375
284,image,20,121
284,image,20,143
285,image,19,18
285,image,19,474
285,image,3,468
285,image,3,319
285,image,3,576
285,image,33,9
285,image,33,332
285,image,33,566
286,image,27,500
286,image,12,785
286,image,44,404
286,image,44,161
287,image,43,781
287,image,43,469
288,image,8,747
289,image,4,105
289,image,4,413
289,image,13,797
290,image,31,216
290,image,38,214
290,image,44,567
290,image,44,765
290,image,44,483
291,image,5,352
291,image,5,356
291,image,2,622
291,image,2,373
292,image,37,376
292,image,34,19
292,image,34,298
292,image,34,775
292,image,47,20
292,image,47,538
292,image,47,220
293,image,11,781
293,image,11,233
293,image,24,534
293,image,24,636
293,image,24,512
293,image,45,229
293,image,45,134
293,image,45,725
294,image,31,302
294,image,31,338
294,image,42,508
294,image,42,546
294,image,35,40
294,image,35,573
294,image,35,117
295,image,1,777
296,image,7,242
296,image,7,288
296,image,31,418
296,image,35,486
296,image,35,48
296,image,35,315
297,image,6,315
298,image,26,671
298,image,26,798
298,image,26,33
299,image,16,621
299,image,16,16
299,image,13,499
300,image,8,683
300,image,8,701
300,image,8,129
300,image,9,773
300,image,9,398
301,image,14,17
301,image,18,213
302,image,45,735
302,image,45,516
303,image,23,407
304,image,37,73
304,image,37,387
304,image,46,737
305,image,12,466
305,image,43,325
306,image,13,320
306,image,13,614
307,image,35,248
307,image,41,644
308,image,34,595
308,image,34,384
308,image,34,397
309,image,33,717
309,image,33,640
309,image,48,178
309,image,48,338
309,image,48,597
310,image,11,454
310,image,11,15
311,image,43,770
311,image,43,603
311,image,43,411
312,image,27,619
312,image,27,642
312,image,40,760
312,image,40,737
312,image,13,330
312,image,13,220
313,image,15,137
313,image,15,282
313,image,18,790
314,image,48,752
314,image,26,238
314,image,38,156
315,image,27,734
315,image,27,201
315,image,27,41
315,image,1,315
315,image,1,182
315,image,1,123
315,image,31,52
316,image,2,394
316,image,30,405
316,image,30,720
316,image,30,489
317,image,4,365
318,image,41,596
318,image,41,664
318,image,25,315
318,image,25,20
319,image,39,248
319,image,39,172
319,image,39,583
320,image,44,88
320,image,44,320
320,image,44,404
320,image,12,88
320,image,12,333
321,image,6,788
321,image,6,160
321,image,6,338
321,image,50,90
321,image,50,560
322,image,35,184
323,image,15,100
323,image,21,494
323,image,29,466
323,image,29,169
323,image,29,494
324,image,41,47
324,image,41,64
324,image,41,449
324,image,30,642
324,image,30,44
325,image,37,722
325,image,4,574
325,image,11,737
325,image,11,34
325,image,11,464
326,image,8,632
326,image,8,740
326,image,49,348
327,image,46,422
327,image,46,534
327,image,46,520
328,image,19,474
328,image,19,666
328,image,19,485
328,image,37,670
328,image,37,42
328,image,37,633
328,image,2,105
328,image,2,514
329,image,21,667
329,image,21,742
329,image,39,549
329,image,39,783
329,image,35,398
329,image,35,749
330,image,43,290
330,image,43,536
330,image,16,459
330,image,16,626
330,image,37,485
331,image,50,508
331,image,50,657
331,image,50,162
331,image,49,432
332,image,31,1
332,image,31,183
332,image,3,138
332,image,41,649
332,image,41,4
332,image,41,266
333,image,8,744
333,image,36,125
333,image,36,180
333,image,36,654
333,image,11,36
333,image,11,652
334,image,13,391
334,image,13,511
334,image,13,590
335,image,34,511
335,image,34,796
335,image,34,700
335,image,1,719
335,image,29,656
335,image,29,360
336,image,32,95
336,image,32,558
336,image,12,779
336,image,12,426
336,image,12,121
337,image,34,774
337,image,34,665
337,image,9,666
337,image,9,298
338,image,50,405
338,image,50,197
338,image,30,608
338,image,40,28
338,image,40,257
339,image,36,637
339,image,50,117
339,image,50,602
339,image,50,658
340,image,9,448
340,image,9,369
340,image,9,243
340,image,36,630
340,image,37,260
340,image,37,419
340,image,37,153
341,image,10,171
341,image,10,25
342,image,49,463
342,image,49,245
342,image,49,709
342,image,11,133
343,image,50,437
343,image,13,510
343,image,13,336
343,image,19,3
344,image,36,97
344,image,36,449
345,image,12,319
345,image,12,435
346,image,36,10
347,image,6,272
348,image,33,295
348,image,33,487
348,image,33,205
349,image,20,367
350,image,7,328
351,image,5,325
351,image,5,731
351,image,5,267
351,image,21,382
351,image,21,53
351,image,21,756
351,image,36,646
351,image,36,478
352,image,42,540
352,image,42,118
352,image,30,718
352,image,30,654
352,image,30,509
352,image,32,673
352,image,32,726
353,image,41,497
353,image,41,32
353,image,5,426
353,image,5,430
354,image,2,774
355,image,38,27
355,image,8,7
355,image,8,690
355,image,8,138
355,image,9,657
355,image,9,171
355,image,9,142
356,image,14,632
356,image,14,99
356,image,14,167
357,image,30,607
357,image,30,751
358,image,14,678
358,image,14,288
358,image,36,154
358,image,36,140
358,image,9,207
358,image,9,174
358,image,9,202
359,image,19,124
359,image,19,462
360,image,9,344
360,image,9,321
360,image,9,653
360,image,12,603
360,image,12,354
361,image,33,327
362,image,50,304
362,image,50,96
362,image,28,453
362,image,28,713
362,image,28,292
362,image,22,494
362,image,22,301
362,image,22,48
363,image,19,784
363,image,19,486
363,image,27,114
363,image,27,239
363,image,27,487
364,image,32,773
364,image,32,196
365,image,38,136
365,image,38,261
366,image,19,155
366,image,19,617
366,image,27,545
366,image,40,318
367,image,4,392
367,image,4,606
367,image,4,41
368,image,9,238
368,image,9,341
368,image,9,63
368,image,18,582
369,image,30,316
370,image,18,152
370,image,18,150
370,image,19,793
370,image,40,777
371,image,29,658
371,image,29,87
371,image,50,272
371,image,39,186
371,image,39,535
371,image,39,583
372,image,27,300
372,image,27,73
372,image,6,68
372,image,6,469
372,image,6,56
372,image,36,392
372,image,36,123
372,image,36,43
373,image,22,304
373,image,26,344
373,image,26,71
374,image,29,436
374,image,29,421
374,image,5,795
375,image,16,184
375,image,16,129
375,image,22,213
375,image,22,716
375,image,22,737
376,image,48,86
376,image,48,30
376,image,48,392
377,image,11,119
377,image,11,4
377,image,11,755
378,image,15,755
378,image,19,313
379,image,17,663
379,image,17,244
379,image,10,520
379,image,10,519
380,image,7,292
380,image,7,277
380,image,7,223
380,image,39,380
380,image,39,720
380,image,24,634
381,image,42,676
381,image,42,89
381,image,34,743
381,image,34,128
382,image,45,669
382,image,45,760
382,image,29,373
382,image,29,271
382,image,29,93
382,image,22,706
383,image,50,15
383,image,50,544
383,image,27,717
384,image,31,395
384,image,31,670
384,image,31,366
384,image,30,141
384,image,30,434
384,image,30,635
385,image,18,165
385,image,18,180
385,image,18,270
385,image,12,559
386,image,6,291
386,image,6,628
386,image,6,347
386,image,30,774
386,image,30,716
386,image,30,299
387,image,39,291
387,image,39,309
387,image,39,295
387,image,16,136
387,image,12,227
388,image,10,172
389,image,44,14
389,image,24,37
389,image,24,275
389,image,24,20
390,image,3,382
390,image,10,491
390,image,30,344
391,image,34,453
391,image,34,79
391,image,34,451
391,image,26,559
391,image,9,347
391,image,9,607
392,image,10,391
392,image,10,320
392,image,30,356
392,image,30,515
393,image,44,520
394,image,45,368
394,image,45,597
394,image,45,654
394,image,2,108
394,image,2,608
395,image,34,291
396,image,19,293
396,image,19,287
396,image,1,178
396,image,1,118
396,image,1,631
397,image,44,96
397,image,44,283
397,image,44,773
397,image,20,132
398,image,36,739
398,image,36,430
398,image,43,643
398,image,43,121
398,image,41,654
398,image,41,357
399,image,40,495
399,image,40,515
399,image,32,52
399,image,44,431
400,image,12,136
400,image,12,712
400,image,12,421
400,image,11,70
400,image,11,368
400,image,11,60
400,image,2,743
400,image,2,81
401,video,37,270
401,video,48,194
401,video,48,401
401,video,48,525
401,video,44,87
402,video,1,296
402,video,33,514
403,video,39,561
403,video,39,430
403,video,38,148
403,video,38,639
404,video,32,278
405,video,17,513
405,video,6,644
405,video,6,792
405,video,6,375
405,video,31,126
406,video,49,480
407,video,44,81
407,video,44,785
407,video,44,786
407,video,47,162
408,video,39,35
408,video,39,11
409,video,34,355
409,video,34,577
409,video,34,364
410,video,29,113
410,video,7,770
410,video,1,165
411,video,20,370
411,video,20,631
412,video,11,99
412,video,11,575
412,video,36,395
412,video,12,111
412,video,12,301
413,video,18,19
413,video,18,553
413,video,12,118
414,video,44,233
414,video,44,180
414,video,48,460
414,video,48,456
415,video,5,419
415,video,5,533
415,video,17,673
415,video,17,776
415,video,17,30
416,video,2,5
416,video,2,159
416,video,45,387
416,video,45,765
416,video,43,699
416,video,43,164
416,video,43,361
417,video,18,429
417,video,48,373
418,video,49,169
418,video,49,399
418,video,49,214
418,video,46,121
418,video,46,420
418,video,46,70
418,video,31,14
418,video,31,308
418,video,31,675
419,video,9,762
420,video,12,30
420,video,12,632
421,video,20,141
421,video,20,159
421,video,26,483
421,video,26,238
421,video,26,621
422,video,42,147
422,video,42,735
422,video,42,50
423,video,7,355
423,video,7,532
423,video,7,668
423,video,2,477
423,video,2,193
423,video,44,449
424,video,27,573
424,video,27,132
424,video,27,91
424,video,17,727
424,video,17,219
424,video,19,629
425,video,22,754
425,video,22,378
425,video,46,563
426,video,6,623
426,video,6,97
426,video,36,255
426,video,36,48
426,video,36,33
426,video,44,640
426,video,44,442
426,video,44,262
427,video,50,395
427,video,50,736
427,video,8,55
427,video,8,135
427,video,8,756
428,video,3,746
428,video,3,198
428,video,3,551
428,video,18,665
428,video,18,491
429,video,29,682
429,video,29,399
430,video,33,383
430,video,33,561
430,video,36,432
430,video,36,737
431,video,16,601
431,video,16,305
431,video,16,159
431,video,2,613
431,video,2,586
431,video,2,356
431,video,28,380
432,video,47,774
432,video,47,415
433,video,33,71
433,video,33,288
433,video,33,733
433,video,5,188
433,video,5,621
434,video,18,783
434,video,18,363
434,video,49,631
435,video,20,415
435,video,20,7
435,video,49,648
435,video,49,747
435,video,49,777
436,video,30,214
436,video,17,200
436,video,17,61
436,video,17,799
436,video,26,488
437,video,3,654
437,video,3,313
438,video,50,760
438,video,50,168
439,video,13,15
439,video,13,579
439,video,13,368
439,video,6,238
440,video,47,592
440,video,47,442
441,video,14,781
441,video,7,488
441,video,7,135
441,video,7,537
442,video,26,343
442,video,26,495
443,video,4,623
443,video,4,770
443,video,4,174
444,video,13,59
444,video,13,236
444,video,13,368
445,video,31,261
445,video,26,3
445,video,26,471
445,video,26,63
445,video,6,357
445,video,6,308
446,video,27,765
446,video,30,280
446,video,12,432
447,video,5,122
447,video,5,209
447,video,5,793
447,video,6,90
447,video,37,541
447,video,37,516
448,video,36,510
449,video,34,250
449,video,8,111
449,video,8,657
449,video,8,443
450,video,13,503
450,video,13,71
450,video,13,141
450,video,47,604
451,video,19,601
451,video,19,287
451,video,19,599
452,video,18,504
452,video,18,102
453,video,31,434
453,video,31,276
453,video,31,9
453,video,25,754
453,video,25,405
454,video,28,729
454,video,15,501
454,video,15,744
455,video,16,563
455,video,16,552
455,video,44,53
456,video,20,282
456,video,8,175
456,video,19,780
457,video,9,84
458,video,12,759
459,video,9,67
459,video,9,316
459,video,28,597
459,video,28,621
459,video,28,624
460,video,8,121
460,video,8,640
460,video,8,678
460,video,43,589
460,video,43,109
460,video,43,144
461,video,2,114
461,video,2,494
461,video,8,419
461,video,8,595
461,video,16,305
461,video,16,101
462,video,34,260
462,video,34,15
462,video,34,578
462,video,18,305
462,video,46,653
462,video,46,413
463,video,2,727
463,video,2,272
464,video,35,447
464,video,35,421
464,video,35,593
465,video,22,382
465,video,1,306
465,video,1,632
465,video,1,223
465,video,48,216
466,video,15,441
466,video,15,345
466,video,15,620
466,video,20,463
466,video,20,625
466,video,4,143
466,video,4,14
467,video,7,422
467,video,6,353
467,video,6,466
467,video,6,193
468,video,19,227
468,video,19,727
468,video,20,104
468,video,1,669
468,video,1,724
468,video,1,109
469,video,28,217
469,video,28,774
469,video,33,549
469,video,33,204
469,video,33,47
469,video,2,615
469,video,2,63
469,video,2,136
470,video,29,649
470,video,40,84
470,video,40,30
470,video,40,122
470,video,42,773
471,video,32,705
471,video,5,586
471,video,9,245
472,video,31,382
472,video,39,479
472,video,39,64
472,video,39,211
472,video,41,464
472,video,41,417
473,video,49,454
473,video,49,582
474,video,13,387
474,video,13,479
474,video,13,114
474,video,16,159
474,video,16,522
475,video,36,148
476,video,30,571
476,video,30,578
476,video,30,531
476,video,50,739
476,video,50,218
477,video,9,103
477,video,9,71
477,video,38,20
477,video,38,473
477,video,10,619
477,video,10,597
477,video,10,104
478,video,24,657
478,video,24,149
478,video,24,125
478,video,3,785
478,video,3,294
479,video,48,777
480,video,49,97
480,video,49,544
480,video,49,398
481,video,7,538
481,video,4,507
481,video,47,691
482,video,9,128
482,video,9,82
482,video,9,462
483,video,12,289
483,video,12,653
484,video,38,787
484,video,8,555
484,video,8,759
484,video,43,16
484,video,43,369
485,video,12,500
486,video,16,522
487,video,34,573
487,video,23,331
487,video,23,542
488,video,6,103
488,video,6,421
488,video,34,794
488,video,34,719
489,video,5,553
489,video,5,398
489,video,5,323
489,video,17,345
489,video,17,39
490,video,22,741
490,video,22,368
490,video,31,235
490,video,31,331
490,video,31,721
491,video,12,332
491,video,12,228
491,video,33,373
491,video,33,138
491,video,33,250
491,video,41,23
491,video,41,469
491,video,41,399
492,video,38,794
492,video,38,3
492,video,38,216
492,video,47,581
492,video,47,362
493,video,1,719
493,video,1,93
493,video,1,366
494,video,3,789
494,video,3,68
494,video,3,483
494,video,26,66
494,video,26,669
494,video,28,269
495,video,32,616
495,video,32,2
495,video,32,50
495,video,50,596
495,video,50,532
496,video,27,153
497,video,49,337
497,video,49,188
497,video,49,706
498,video,32,1
498,video,32,527
499,video,14,269
499,video,14,35
499,video,14,509
500,video,7,420
500,video,23,70
500,video,23,220
501,document,15,64
501,document,43,339
501,document,43,503
502,document,39,281
502,document,20,266
502,document,20,99
502,document,20,611
503,document,22,261
503,document,22,518
504,document,18,139
504,document,18,445
504,document,14,628
504,document,14,740
504,document,14,315
504,document,46,355
504,document,46,102
505,document,23,210
505,document,23,783
505,document,46,598
505,document,46,749
505,document,46,656
505,document,31,327
505,document,31,233
505,document,31,517
506,document,38,510
506,document,38,528
506,document,38,678
507,document,19,368
507,document,27,775
507,document,1,296
508,document,9,471
508,document,9,627
508,document,9,615
508,document,47,255
508,document,47,541
508,document,37,174
509,document,44,762
510,document,48,632
510,document,48,274
510,document,34,346
510,document,15,479
511,document,15,382
511,document,15,381
511,document,47,27
511,document,47,328
511,document,47,757
512,document,2,225
512,document,10,277
512,document,10,428
512,document,10,652
512,document,5,65
512,document,5,327
512,document,5,213
513,document,37,291
513,document,29,612
514,document,20,272
514,document,20,350
514,document,5,692
514,document,5,670
515,document,45,470
516,document,25,36
516,document,25,519
516,document,29,407
517,document,12,765
517,document,12,746
517,document,12,691
517,document,5,190
518,document,19,131
518,document,34,619
519,document,38,732
519,document,31,403
519,document,31,68
520,document,40,600
520,document,40,752
520,document,40,289
521,document,17,313
521,document,17,178
521,document,17,374
522,document,7,754
522,document,41,199
522,document,41,476
522,document,41,243
522,document,13,262
523,document,37,406
523,document,37,496
523,document,37,285
523,document,50,670
523,document,14,571
524,document,31,677
525,document,1,136
525,document,29,141
525,document,29,724
525,document,29,33
525,document,33,743
526,document,5,641
526,document,5,279
526,document,2,310
527,document,25,440
527,document,6,424
527,document,6,491
527,document,31,91
527,document,31,176
528,document,30,454
528,document,36,747
528,document,36,279
529,document,6,390
529,document,47,704
529,document,47,6
529,document,11,227
529,document,11,761
530,document,10,492
530,document,10,94
531,document,14,755
531,document,37,697
531,document,37,228
531,document,37,545
531,document,41,274
532,document,1,102
532,document,50,201
533,document,10,330
533,document,29,603
533,document,29,581
533,document,23,789
533,document,23,415
533,document,23,286
534,document,4,71
534,document,4,110
534,document,11,483
534,document,22,730
534,document,22,696
534,document,22,394
535,document,11,715
535,document,42,187
535,document,42,784
535,document,44,410
535,document,44,151
536,document,13,697
536,document,13,94
536,document,44,407
536,document,12,35
537,document,38,111
538,document,3,382
538,document,3,603
538,document,43,429
538,document,43,710
539,document,5,202
539,document,5,267
540,document,38,48
540,document,38,252
540,document,21,291
540,document,21,28
540,document,21,212
541,document,23,181
541,document,23,48
542,document,39,290
542,document,39,698
542,document,46,782
542,document,46,486
542,document,18,497
543,document,12,251
543,document,42,714
543,document,42,419
543,document,42,112
543,document,1,401
543,document,1,532
544,document,2,324
544,document,2,9
544,document,2,231
544,document,16,185
544,document,16,346
545,document,4,460
545,document,4,467
545,document,4,327
545,document,38,342
545,document,38,550
545,document,38,552
545,document,36,548
545,document,36,311
546,document,11,790
546,document,50,419
546,document,50,646
546,document,50,662
546,document,49,759
546,document,49,285
547,document,39,699
548,document,32,698
548,document,31,126
548,document,31,151
548,document,12,180
549,document,12,466
550,document,38,398
550,document,33,324
550,document,33,35
550,document,33,272
551,document,3,776
551,document,23,374
551,document,23,254
552,document,48,649
552,document,48,589
552,document,48,117
552,document,34,118
552,document,34,147
553,document,5,792
553,document,41,274
553,document,41,129
553,document,41,246
553,document,20,291
553,document,20,740
554,document,30,109
555,document,30,702
555,document,28,312
555,document,28,196
555,document,38,108
556,document,14,446
556,document,14,323
556,document,14,388
557,document,39,315
557,document,39,66
557,document,39,94
557,document,19,39
557,document,19,397
557,document,21,132
557,document,21,621
558,document,6,77
559,document,44,344
559,document,44,389
559,document,44,218
559,document,27,454
559,document,27,701
559,document,30,111
560,document,48,748
560,document,48,189
560,document,31,304
560,document,31,393
560,document,31,559
560,document,10,521
560,document,10,258
560,document,10,582
561,document,7,49
561,document,7,255
561,document,41,676
561,document,41,285
561,document,41,32
561,document,40,787
561,document,40,80
562,document,9,466
562,document,50,72
562,document,47,621
563,document,50,32
563,document,50,27
564,document,43,98
564,document,48,588
564,document,48,693
564,document,48,424
564,document,24,37
565,document,30,462
565,document,30,72
565,document,30,794
566,document,38,409
566,document,38,737
566,document,48,570
566,document,48,753
566,document,48,681
567,document,16,419
567,document,16,383
567,document,16,281
568,document,17,161
568,document,7,770
568,document,7,110
569,document,48,215
569,document,48,473
569,document,11,32
569,document,11,68
569,document,11,250
569,document,4,86
570,document,29,132
570,document,29,407
570,document,29,328
570,document,47,82
570,document,47,800
570,document,37,280
570,document,37,369
571,document,35,779
572,document,3,482
572,document,22,325
572,document,22,340
572,document,22,723
572,document,29,738
573,document,42,19
573,document,42,516
573,document,49,210
573,document,21,667
574,document,12,628
574,document,12,489
575,document,21,504
575,document,38,269
575,document,38,31
575,document,13,478
575,document,13,120
575,document,13,101
576,document,37,115
576,document,37,440
576,document,37,602
576,document,44,415
576,document,44,29
576,document,44,587
576,document,4,609
576,document,4,587
576,document,4,548
577,document,36,705
577,document,36,643
577,document,39,537
577,document,39,201
578,document,43,690
578,document,16,642
578,document,16,272
579,document,17,587
579,document,17,747
579,document,17,586
579,document,45,99
579,document,45,708
579,document,45,747
580,document,43,740
580,document,43,470
580,document,43,365
581,document,45,549
581,document,11,516
582,document,42,322
582,document,3,733
583,document,2,654
583,document,29,233
584,document,13,482
584,document,25,184
585,document,39,478
585,document,39,368
585,document,39,797
586,document,39,696
586,document,39,494
586,document,43,219
586,document,43,41
586,document,43,224
586,document,34,94
587,document,7,428
588,document,40,93
588,document,40,217
588,document,40,466
588,document,16,176
589,document,45,753
589,document,45,670
589,document,45,67
590,document,49,175
590,document,49,47
591,document,34,43
591,document,34,23
591,document,34,55
591,document,27,678
592,document,3,48
592,document,46,180
592,document,46,673
592,document,46,698
592,document,26,569
593,document,43,335
593,document,43,385
593,document,43,63
593,document,30,742
594,document,29,651
594,document,29,81
594,document,29,7
595,document,42,45
595,document,8,783
595,document,8,574
595,document,46,111
595,document,46,796
595,document,46,387
596,document,29,130
596,document,39,145
596,document,39,651
596,document,39,524
597,document,1,722
597,document,35,126
597,document,35,362
597,document,35,431
597,document,9,280
598,document,5,45
598,document,5,702
598,document,5,427
598,document,24,195
598,document,24,32
598,document,24,795
598,document,49,791
598,document,49,134
598,document,49,318
599,document,11,256
599,document,11,333
599,document,11,62
599,document,37,428
599,document,37,721
599,document,34,275
599,document,34,413
600,document,7,705
601,document,24,283
601,document,24,389
601,document,24,330
601,document,43,224
602,document,27,774
602,document,27,653
602,document,27,165
602,document,30,202
603,document,22,603
603,document,22,214
604,document,37,796
604,document,37,276
604,document,37,6
605,document,46,56
605,document,46,401
605,document,46,49
605,document,32,516
606,document,17,731
606,document,17,120
606,document,17,26
606,document,26,557
607,document,29,595
607,document,29,194
607,document,29,543
608,document,38,488
608,document,38,276
609,document,29,260
610,document,13,439
610,document,13,387
610,document,13,686
610,document,33,203
610,document,33,777
610,document,33,228
611,document,12,331
611,document,12,645
611,document,50,693
611,document,50,162
612,document,24,404
612,document,24,376
612,document,24,400
613,document,26,63
613,document,26,139
613,document,26,243
613,document,5,188
613,document,5,780
613,document,5,256
614,document,27,677
614,document,27,21
614,document,12,310
614,document,12,601
614,document,3,243
614,document,3,303
615,document,20,776
615,document,20,686
616,document,1,464
616,document,1,309
616,document,47,268
616,document,47,165
616,document,49,471
616,document,49,760
616,document,49,257
617,document,41,256
617,document,41,76
618,document,30,789
618,document,30,330
618,document,21,330
618,document,12,568
619,document,26,562
619,document,26,663
619,document,44,784
619,document,44,176
620,document,1,472
620,document,1,74
620,document,26,253
620,document,6,139
620,document,6,36
621,document,49,97
621,document,49,378
622,document,4,446
622,document,4,54
622,document,4,605
622,document,44,430
622,document,44,423
622,document,44,381
622,document,39,743
623,document,6,400
623,document,6,470
624,document,10,167
624,document,10,640
624,document,10,438
624,document,3,648
624,document,3,258
624,document,12,580
624,document,12,461
625,document,15,567
625,document,15,281
625,document,15,61
625,document,1,638
625,document,42,33
625,document,42,262
625,document,42,185
626,document,29,248
626,document,29,589
626,document,35,164
626,document,35,273
627,document,3,153
627,document,3,760
628,document,25,369
628,document,25,470
628,document,25,711
629,document,44,623
630,document,13,495
630,document,13,64
630,document,19,283
630,document,19,706
630,document,19,393
631,document,30,98
631,document,50,59
632,document,14,207
632,document,14,594
633,document,3,256
633,document,3,221
633,document,3,231
633,document,5,68
633,document,5,370
633,document,5,386
633,document,31,443
633,document,31,49
633,document,31,515
634,document,21,561
634,document,21,646
634,document,43,427
634,document,43,233
634,document,36,346
634,document,36,523
634,document,36,425
635,document,9,313
635,document,9,334
635,document,9,662
636,document,39,734
636,document,39,419
636,document,39,43
637,document,31,197
638,document,31,472
638,document,38,657
638,document,38,519
639,document,32,213
639,document,32,426
639,document,32,458
639,document,16,346
639,document,16,572
640,document,22,43
641,document,42,373
641,document,42,267
641,document,40,499
641,document,44,489
641,document,44,744
641,document,44,174
642,document,49,619
642,document,49,467
642,document,49,119
643,document,17,768
644,document,26,260
644,document,26,676
644,document,26,645
644,document,34,116
644,document,34,33
644,document,49,477
644,document,49,298
645,document,35,674
646,document,40,312
646,document,40,475
646,document,20,104
646,document,20,396
646,document,37,84
646,document,37,344
647,document,9,701
647,document,6,446
647,document,6,109
647,document,6,674
648,document,3,41
648,document,12,144
648,document,12,124
648,document,12,308
649,document,43,523
649,document,43,322
650,document,36,414
650,document,36,456
650,document,36,627
650,document,5,486
650,document,5,629
651,link,35,738
651,link,35,464
651,link,35,517
652,link,37,50
652,link,37,506
653,link,30,354
653,link,30,50
654,link,4,515
654,link,37,511
654,link,40,750
654,link,40,369
654,link,40,580
655,link,25,769
655,link,5,788
655,link,5,368
655,link,5,320
656,link,38,673
657,link,8,594
657,link,8,217
657,link,8,740
657,link,49,473
657,link,49,484
657,link,49,582
657,link,6,617
658,link,37,409
658,link,37,418
659,link,15,681
659,link,15,450
659,link,15,535
659,link,9,149
659,link,35,330
659,link,35,232
659,link,35,202
660,link,22,629
660,link,22,718
660,link,22,635
661,link,40,129
662,link,10,374
662,link,10,329
663,link,40,208
663,link,40,708
663,link,40,122
663,link,49,102
663,link,49,522
663,link,12,402
663,link,12,563
663,link,12,198
664,link,47,238
664,link,47,3
664,link,13,452
664,link,13,257
664,link,21,619
665,link,8,638
665,link,8,312
665,link,8,416
666,link,23,551
666,link,23,342
666,link,23,71
666,link,39,600
667,link,33,706
667,link,41,319
667,link,41,378
668,link,33,215
668,link,33,358
669,link,31,204
669,link,31,762
669,link,41,272
669,link,41,226
669,link,41,439
670,link,40,621
670,link,40,698
670,link,40,743
670,link,1,181
670,link,1,344
671,link,33,499
672,link,12,281
673,link,11,412
673,link,11,170
673,link,18,281
673,link,18,57
673,link,18,737
674,link,50,331
674,link,50,347
674,link,50,577
675,link,22,717
675,link,48,464
676,link,47,253
676,link,47,140
676,link,47,539
677,link,30,492
677,link,30,152
677,link,26,627
677,link,13,686
677,link,13,45
677,link,13,387
678,link,39,529
679,link,14,93
679,link,14,508
679,link,14,599
680,link,2,796
680,link,2,69
680,link,2,165
680,link,7,666
680,link,7,227
681,link,10,211
681,link,2,358
681,link,2,520
681,link,2,243
682,link,5,227
682,link,5,530
682,link,5,369
682,link,22,306
683,link,37,458
683,link,37,668
683,link,37,677
684,link,13,114
684,link,26,628
685,link,25,405
685,link,2,225
685,link,38,361
686,link,11,487
686,link,11,97
686,link,11,551
687,link,22,337
687,link,47,398
687,link,47,16
687,link,47,781
687,link,16,741
687,link,16,167
688,link,8,185
688,link,8,544
688,link,8,566
688,link,26,367
688,link,26,591
688,link,26,767
689,link,1,649
689,link,1,767
689,link,19,44
689,link,9,362
689,link,9,700
689,link,9,431
690,link,21,94
690,link,21,421
690,link,21,289
690,link,13,263
691,link,22,620
691,link,45,121
691,link,45,1
692,link,39,687
692,link,39,413
693,link,28,186
693,link,28,648
693,link,28,445
693,link,20,789
693,link,20,505
693,link,20,749
694,link,49,265
695,link,49,53
695,link,49,491
695,link,49,421
695,link,28,604
696,link,29,607
696,link,29,662
696,link,29,257
697,link,39,180
697,link,4,181
697,link,4,13
697,link,17,783
698,link,4,499
698,link,4,698
698,link,31,283
698,link,31,788
698,link,31,414
699,link,18,536
700,link,22,89
700,link,22,516
700,link,49,530
700,link,49,389
700,link,49,63
701,link,50,614
701,link,50,441
701,link,12,365
702,link,41,582
703,link,41,311
703,link,41,589
703,link,19,652
703,link,23,502
703,link,23,89
703,link,23,145
704,link,6,286
704,link,6,273
705,link,24,11
705,link,22,782
705,link,22,282
706,link,13,676
706,link,13,476
706,link,13,352
707,link,11,289
707,link,11,163
707,link,29,226
707,link,29,304
707,link,29,279
707,link,30,290
707,link,30,370
707,link,30,149
708,link,48,463
708,link,42,392
709,link,7,86
709,link,7,394
709,link,7,257
710,link,31,21
710,link,31,96
711,link,30,600
711,link,16,437
711,link,16,290
712,link,37,379
712,link,37,393
713,link,24,423
713,link,24,721
713,link,24,243
713,link,45,591
713,link,5,142
713,link,5,593
714,link,48,480
714,link,48,354
714,link,48,130
714,link,19,214
715,link,23,48
716,link,37,541
716,link,41,422
716,link,41,616
716,link,41,268
717,link,29,490
717,link,11,574
717,link,11,111
718,link,27,418
718,link,27,571
718,link,32,69
719,link,7,750
719,link,7,230
719,link,7,38
719,link,47,152
719,link,47,393
719,link,47,435
720,link,42,762
721,link,31,395
722,link,49,304
723,link,44,129
723,link,4,367
723,link,4,577
724,link,47,294
724,link,36,289
724,link,15,293
725,link,47,786
725,link,47,179
725,link,50,542
725,link,50,649
725,link,50,618
725,link,30,14
726,link,31,138
726,link,31,648
726,link,33,205
726,link,23,430
726,link,23,65
726,link,23,62
727,link,24,66
727,link,43,710
727,link,17,616
728,link,5,456
729,link,37,613
729,link,37,579
729,link,37,428
729,link,9,22
729,link,9,458
729,link,9,204
730,link,40,68
730,link,40,695
730,link,40,577
730,link,6,115
730,link,6,9
731,link,40,783
731,link,40,215
731,link,40,348
732,link,19,86
732,link,21,66
732,link,21,664
732,link,45,260
732,link,45,239
733,link,42,255
734,link,35,440
734,link,35,247
734,link,32,407
734,link,32,370
734,link,32,285
734,link,50,26
734,link,50,117
734,link,50,773
735,link,22,356
735,link,22,531
735,link,10,788
736,link,31,762
736,link,31,614
736,link,31,350
737,link,4,582
737,link,4,790
737,link,4,759
737,link,19,489
737,link,19,748
738,link,28,724
739,link,21,400
739,link,21,168
740,link,9,47
740,link,9,392
740,link,9,357
741,link,42,750
741,link,42,553
742,link,21,74
742,link,11,527
742,link,11,61
742,link,13,342
742,link,13,585
743,link,46,668
743,link,46,251
744,link,2,9
744,link,2,276
744,link,2,428
744,link,43,187
744,link,25,544
745,link,18,163
745,link,18,212
745,link,3,377
745,link,3,628
745,link,3,47
746,link,24,246
746,link,24,322
747,link,27,632
747,link,27,54
748,link,3,385
748,link,3,486
748,link,3,742
749,link,45,647
749,link,45,533
749,link,38,332
750,link,29,134
750,link,29,356
751,link,27,476
752,link,47,196
752,link,47,787
752,link,44,459
752,link,44,55
753,link,4,753
753,link,4,577
753,link,4,362
754,link,47,405
754,link,47,104
754,link,47,25
754,link,10,294
754,link,10,208
755,link,46,322
755,link,46,62
755,link,32,126
755,link,41,320
755,link,41,401
756,link,10,394
756,link,10,387
756,link,24,303
757,link,1,343
757,link,1,194
758,link,37,525
758,link,20,217
758,link,20,514
758,link,38,361
758,link,38,790
758,link,38,555
759,link,35,755
759,link,35,728
759,link,35,422
759,link,21,29
759,link,21,440
760,link,50,96
760,link,20,261
760,link,20,31
761,link,21,425
761,link,21,310
761,link,21,331
761,link,34,689
761,link,34,520
762,link,1,66
762,link,1,655
762,link,40,607
762,link,40,628
762,link,40,689
763,link,28,156
763,link,14,48
763,link,14,270
763,link,14,242
763,link,2,114
763,link,2,798
763,link,2,417
764,link,20,504
765,link,39,587
766,link,42,357
766,link,35,639
767,link,26,229
767,link,26,204
768,link,10,432
768,link,10,672
768,link,10,16
769,link,35,486
769,link,35,377
770,link,40,569
771,link,31,588
771,link,27,22
771,link,27,517
772,link,50,494
772,link,20,203
772,link,20,439
772,link,20,606
773,link,45,394
773,link,45,738
773,link,45,368
773,link,18,565
773,link,18,743
774,link,49,472
774,link,49,3
774,link,15,552
774,link,15,210
775,link,28,94
775,link,41,580
775,link,20,575
775,link,20,507
775,link,20,116
776,link,8,531
776,link,8,587
776,link,30,385
776,link,4,425
776,link,4,26
776,link,4,659
777,link,43,365
777,link,4,69
777,link,16,306
777,link,16,800
778,link,46,657
778,link,46,481
778,link,46,699
778,link,48,546
778,link,48,74
779,link,37,582
779,link,37,707
779,link,15,183
779,link,15,496
779,link,15,10
780,link,13,353
780,link,13,736
780,link,21,707
780,link,21,60
781,link,42,387
781,link,42,431
781,link,39,569
781,link,39,278
781,link,21,441
781,link,21,797
782,link,26,503
782,link,26,393
782,link,41,18
782,link,41,320
782,link,10,87
782,link,10,609
782,link,10,9
783,link,41,545
783,link,41,2
783,link,11,762
783,link,11,613
784,link,34,219
784,link,17,433
784,link,17,180
784,link,17,450
785,link,33,629
785,link,24,496
785,link,24,632
786,link,1,154
786,link,1,505
786,link,1,772
787,link,13,319
787,link,13,544
787,link,34,271
787,link,34,9
787,link,34,115
788,link,37,738
788,link,37,553
788,link,37,260
789,link,25,248
789,link,43,441
789,link,50,89
790,link,39,330
790,link,46,723
790,link,46,687
790,link,50,510
790,link,50,246
790,link,50,647
791,link,15,599
791,link,15,595
791,link,28,17
791,link,28,635
791,link,28,210
792,link,5,457
792,link,5,620
793,link,35,624
793,link,35,154
793,link,35,392
794,link,31,189
794,link,14,12
794,link,14,775
794,link,14,428
795,link,38,521
796,link,7,57
796,link,7,547
796,link,7,638
797,link,3,258
797,link,3,624
797,link,13,263
797,link,41,752
797,link,41,55
798,link,27,196
798,link,27,113
798,link,34,388
798,link,34,110
799,link,40,667
799,link,40,520
799,link,40,211
800,link,20,49
800,link,3,56
800,link,3,263
800,link,3,728
